round,client_id,num_examples,train_loss,fitness,mu,proximal_distance_sq_half
1,client_0,192,5.546209335327148,0.04234981318241329,0.01,2.150393486022949
1,client_1,192,5.403287887573242,0.0490835628239711,0.01,2.170808792114258
1,client_2,192,5.61263370513916,0.0915376998684769,0.01,2.1585018634796143
1,client_3,192,5.4652228355407715,0.04240270502538493,0.01,2.0905303955078125
1,client_4,192,5.500919342041016,0.030817230402529455,0.01,2.148775100708008
2,client_0,192,4.99333381652832,0.08420667954221019,0.01,1.669010043144226
2,client_1,192,5.135565757751465,0.05611386006506674,0.01,1.6460763216018677
2,client_2,192,5.07022762298584,0.13688931490924292,0.01,1.7041125297546387
2,client_3,192,5.010296821594238,0.15620212495767385,0.01,1.6344501972198486
2,client_4,192,5.165243148803711,0.052405564299517725,0.01,1.6548140048980713
3,client_0,192,4.831718444824219,0.08717744760970042,0.01,1.581902027130127
3,client_1,192,4.846487045288086,0.0595899835360439,0.01,1.5765018463134766
3,client_2,192,4.8023881912231445,0.15911503480831704,0.01,1.5760232210159302
3,client_3,192,4.832322120666504,0.17084475180691974,0.01,1.5890870094299316
3,client_4,192,4.917732238769531,0.06606305507172788,0.01,1.537152886390686
4,client_0,192,4.652756690979004,0.08523622871278452,0.01,1.5569148063659668
4,client_1,192,4.502307415008545,0.06893175931776808,0.01,1.5332413911819458
4,client_2,192,4.4111223220825195,0.17191048603919698,0.01,1.553971290588379
4,client_3,192,4.722239971160889,0.12321595584233216,0.01,1.5194783210754395
4,client_4,192,4.63293981552124,0.09209823495840799,0.01,1.517221450805664
5,client_0,192,4.585515022277832,0.10323155177113948,0.01,1.4795434474945068
5,client_1,192,4.462253093719482,0.11854683322942294,0.01,1.5074310302734375
5,client_2,192,4.624920845031738,0.1591871834861427,0.01,1.5025138854980469
5,client_3,192,4.569725513458252,0.1789841349682311,0.01,1.4509658813476562
5,client_4,192,4.462219715118408,0.15906735653886597,0.01,1.4905617237091064
6,client_0,192,4.492893218994141,0.09611192553316693,0.01,1.4668000936508179
6,client_1,192,4.442188262939453,0.10560516169667566,0.01,1.4845693111419678
6,client_2,192,4.259464263916016,0.16657280441665803,0.01,1.4407408237457275
6,client_3,192,4.4096360206604,0.22087725722919793,0.01,1.4752603769302368
6,client_4,192,4.4005279541015625,0.12457197643977486,0.01,1.485860824584961
7,client_0,192,4.253991603851318,0.09969020404122272,0.01,1.4647209644317627
7,client_1,192,4.125336647033691,0.08357620164685685,0.01,1.4411687850952148
7,client_2,192,4.109103202819824,0.23815478701133025,0.01,1.4564006328582764
7,client_3,192,4.303703784942627,0.20972410623322374,0.01,1.4503370523452759
7,client_4,192,4.212592124938965,0.14435457671788648,0.01,1.4434690475463867
8,client_0,192,4.264969825744629,0.1262327014677881,0.01,1.460679292678833
8,client_1,192,4.108729362487793,0.10612438253023114,0.01,1.4402940273284912
8,client_2,192,4.0660858154296875,0.21233837587825544,0.01,1.4855191707611084
8,client_3,192,4.183576583862305,0.24735664017483902,0.01,1.4369065761566162
8,client_4,192,4.166654586791992,0.12447196620650282,0.01,1.4546551704406738
9,client_0,192,4.019665718078613,0.10645911420785965,0.01,1.412304401397705
9,client_1,192,4.029569149017334,0.11004044955506717,0.01,1.4657618999481201
9,client_2,192,4.068268775939941,0.222654259340079,0.01,1.4382740259170532
9,client_3,192,4.213263511657715,0.2535972288159196,0.01,1.443657636642456
9,client_4,192,4.115128040313721,0.13874448205972248,0.01,1.448394775390625
10,client_0,192,4.141831874847412,0.13795651446634438,0.01,1.4520847797393799
10,client_1,192,4.003849506378174,0.17256966348759714,0.01,1.4400089979171753
10,client_2,192,3.912594795227051,0.19557687473681062,0.01,1.4667633771896362
10,client_3,192,4.0281982421875,0.2620087638750284,0.01,1.4224460124969482
10,client_4,192,3.9992356300354004,0.2071409735165135,0.01,1.4282680749893188
11,client_0,192,3.920510768890381,0.11850576550788172,0.01,1.4423937797546387
11,client_1,192,3.9760594367980957,0.11819580483700647,0.01,1.4542934894561768
11,client_2,192,4.025950908660889,0.2128275090234019,0.01,1.446732521057129
11,client_3,192,3.88669490814209,0.23295438321370046,0.01,1.3987337350845337
11,client_4,192,3.9431045055389404,0.1487440741786025,0.01,1.4133305549621582
12,client_0,192,3.899735689163208,0.09899388487597933,0.01,1.4308732748031616
12,client_1,192,3.9104738235473633,0.1660739163252045,0.01,1.4276189804077148
12,client_2,192,3.769895076751709,0.24323827051051738,0.01,1.4222314357757568
12,client_3,192,3.6810097694396973,0.23323872753821073,0.01,1.4395830631256104
12,client_4,192,3.8940703868865967,0.15203007299523194,0.01,1.4236441850662231
13,client_0,192,3.9589271545410156,0.12559810851628408,0.01,1.3963383436203003
13,client_1,192,3.835252046585083,0.13319408997975538,0.01,1.3831309080123901
13,client_2,192,3.6492786407470703,0.2230101736168822,0.01,1.402728796005249
13,client_3,192,3.801780939102173,0.22988995444903257,0.01,1.4155144691467285
13,client_4,192,3.9106531143188477,0.18288383141461662,0.01,1.4248695373535156
14,client_0,192,3.752991199493408,0.12937848845656844,0.01,1.4130629301071167
14,client_1,192,3.7336764335632324,0.12968575010005395,0.01,1.3431434631347656
14,client_2,192,3.6983108520507812,0.21877250522624966,0.01,1.4151525497436523
14,client_3,192,3.885446071624756,0.26264703134554196,0.01,1.4310247898101807
14,client_4,192,3.6688737869262695,0.17051246997073233,0.01,1.379593014717102
15,client_0,192,3.6902756690979004,0.11981620871427218,0.01,1.4134153127670288
15,client_1,192,3.7484090328216553,0.1238362068628968,0.01,1.4418718814849854
15,client_2,192,3.442272663116455,0.21831490104125695,0.01,1.41162109375
15,client_3,192,3.759632110595703,0.20454605177239815,0.01,1.3999766111373901
15,client_4,192,3.6466493606567383,0.1620118174546672,0.01,1.4103851318359375
16,client_0,192,3.644158124923706,0.1284680050236788,0.01,1.4177905321121216
16,client_1,192,3.545569658279419,0.11959705222241296,0.01,1.4119410514831543
16,client_2,192,3.657378673553467,0.22877347620758184,0.01,1.3879843950271606
16,client_3,192,3.785440444946289,0.2583492085717975,0.01,1.3643091917037964
16,client_4,192,3.619622230529785,0.21402617962944823,0.01,1.4046396017074585
17,client_0,192,3.6683731079101562,0.1344480152153255,0.01,1.4215964078903198
17,client_1,192,3.4962539672851562,0.1409271513057376,0.01,1.3500339984893799
17,client_2,192,3.4343628883361816,0.2971830536732165,0.01,1.3667693138122559
17,client_3,192,3.643402099609375,0.26199297648240777,0.01,1.376676082611084
17,client_4,192,3.5356028079986572,0.24429528650332702,0.01,1.3695330619812012
18,client_0,192,3.671311616897583,0.1208511328317533,0.01,1.3974941968917847
18,client_1,192,3.5780181884765625,0.10743056287676905,0.01,1.395391821861267
18,client_2,192,3.581894636154175,0.2228667442698765,0.01,1.370394229888916
18,client_3,192,3.796499729156494,0.25543954988140494,0.01,1.383076548576355
18,client_4,192,3.6704981327056885,0.2196039336726136,0.01,1.3814575672149658
19,client_0,192,3.7925662994384766,0.15748751714453804,0.01,1.3746998310089111
19,client_1,192,3.556912422180176,0.14128105644615346,0.01,1.3953280448913574
19,client_2,192,3.4971389770507812,0.20637399662619768,0.01,1.419925570487976
19,client_3,192,3.405158042907715,0.20380028808839934,0.01,1.3768730163574219
19,client_4,192,3.40541410446167,0.15523686463222133,0.01,1.4000327587127686
20,client_0,192,3.5696845054626465,0.11437230108277173,0.01,1.3896689414978027
20,client_1,192,3.5336766242980957,0.14098680687435552,0.01,1.3888643980026245
20,client_2,192,3.5677425861358643,0.19489154080141396,0.01,1.3849289417266846
20,client_3,192,3.4962308406829834,0.24965210824501438,0.01,1.3596014976501465
20,client_4,192,3.394947052001953,0.19473040903737515,0.01,1.3728519678115845
21,client_0,192,3.4020931720733643,0.10809048419770814,0.01,1.3807960748672485
21,client_1,192,3.4385809898376465,0.1152667534964352,0.01,1.4210529327392578
21,client_2,192,3.3905067443847656,0.2362948046730119,0.01,1.377943992614746
21,client_3,192,3.5581462383270264,0.27120622324415194,0.01,1.3690427541732788
21,client_4,192,3.2442076206207275,0.1284143837106236,0.01,1.370226263999939
22,client_0,192,3.38015079498291,0.1314038456517198,0.01,1.3802754878997803
22,client_1,192,3.4352967739105225,0.1787047112761227,0.01,1.3608585596084595
22,client_2,192,3.2370004653930664,0.22917515184031292,0.01,1.4042794704437256
22,client_3,192,3.5678257942199707,0.18596658443223482,0.01,1.3951634168624878
22,client_4,192,3.27978515625,0.20051284026101565,0.01,1.374650478363037
23,client_0,192,3.371481418609619,0.11320326355993882,0.01,1.3750662803649902
23,client_1,192,3.2494654655456543,0.14069032352935273,0.01,1.3820050954818726
23,client_2,192,3.3930439949035645,0.2544442349258177,0.01,1.390578269958496
23,client_3,192,3.2750792503356934,0.18417399693203562,0.01,1.356544852256775
23,client_4,192,3.286241292953491,0.21553419038275604,0.01,1.368008017539978
24,client_0,192,3.351752281188965,0.13120500085365852,0.01,1.3739235401153564
24,client_1,192,3.35014271736145,0.13861664890251726,0.01,1.3533504009246826
24,client_2,192,3.3824715614318848,0.24440643774864917,0.01,1.3903889656066895
24,client_3,192,3.3764591217041016,0.21916948595600905,0.01,1.3547699451446533
24,client_4,192,3.322122573852539,0.16399851603816512,0.01,1.3840014934539795
25,client_0,192,3.370025634765625,0.12897350346715825,0.01,1.3841853141784668
25,client_1,192,3.33095645904541,0.14452834527256303,0.01,1.35966956615448
25,client_2,192,3.1729984283447266,0.2513931427188262,0.01,1.355387806892395
25,client_3,192,3.3508191108703613,0.2661588276173104,0.01,1.3684864044189453
25,client_4,192,3.2633352279663086,0.187234611511343,0.01,1.3552424907684326
26,client_0,192,3.2766637802124023,0.14293150675815197,0.01,1.3543074131011963
26,client_1,192,3.2143447399139404,0.17001493587613836,0.01,1.3554260730743408
26,client_2,192,3.2251458168029785,0.23445025246791537,0.01,1.3665488958358765
26,client_3,192,3.3059401512145996,0.291110265366255,0.01,1.355875015258789
26,client_4,192,3.16294002532959,0.20962562006468763,0.01,1.375468134880066
27,client_0,192,3.2852532863616943,0.12661630544139896,0.01,1.3467533588409424
27,client_1,192,3.3252532482147217,0.1509870582641446,0.01,1.3398656845092773
27,client_2,192,3.1354660987854004,0.21822223892388265,0.01,1.3677273988723755
27,client_3,192,3.2099061012268066,0.2451322288023144,0.01,1.3286828994750977
27,client_4,192,3.1736867427825928,0.19531978804433103,0.01,1.3388468027114868
28,client_0,192,3.364183187484741,0.10506883139813109,0.01,1.3710298538208008
28,client_1,192,3.257227659225464,0.19606460232760184,0.01,1.3919049501419067
28,client_2,192,3.1004679203033447,0.2739215255598001,0.01,1.366365671157837
28,client_3,192,3.2317886352539062,0.19261234089305926,0.01,1.3879438638687134
28,client_4,192,3.358180522918701,0.18138653858268852,0.01,1.3619797229766846
29,client_0,192,3.286329984664917,0.13567064667007556,0.01,1.3530882596969604
29,client_1,192,3.228433609008789,0.15859753364215376,0.01,1.3712096214294434
29,client_2,192,3.0975821018218994,0.21981185706624062,0.01,1.360779881477356
29,client_3,192,3.398419141769409,0.3133917280219468,0.01,1.3628371953964233
29,client_4,192,3.167989492416382,0.20468217904383354,0.01,1.3849791288375854
30,client_0,192,3.2465617656707764,0.14343590375825238,0.01,1.3521983623504639
30,client_1,192,3.126429557800293,0.14089394148855566,0.01,1.3934080600738525
30,client_2,192,2.973468542098999,0.2567708523276181,0.01,1.3911664485931396
30,client_3,192,3.1470093727111816,0.21876275195727823,0.01,1.400431752204895
30,client_4,192,3.162750482559204,0.18748416133911047,0.01,1.3632683753967285
31,client_0,192,3.323904514312744,0.13902062132799034,0.01,1.3324791193008423
31,client_1,192,3.274477243423462,0.20273856004560653,0.01,1.3534553050994873
31,client_2,192,3.1234819889068604,0.2068199662229405,0.01,1.3514686822891235
31,client_3,192,3.239302396774292,0.2709054276360624,0.01,1.3756216764450073
31,client_4,192,2.9854068756103516,0.16536298809068292,0.01,1.329305648803711
32,client_0,192,3.2542688846588135,0.1384234843003219,0.01,1.3432286977767944
32,client_1,192,3.041762351989746,0.14396874417117517,0.01,1.3376247882843018
32,client_2,192,3.1647467613220215,0.18106309692096473,0.01,1.3485677242279053
32,client_3,192,3.2185521125793457,0.1675613022785118,0.01,1.3739500045776367
32,client_4,192,3.180710792541504,0.21524683671070727,0.01,1.3414061069488525
33,client_0,192,3.1155056953430176,0.11889954813920058,0.01,1.375591516494751
33,client_1,192,3.0843491554260254,0.18460985554986792,0.01,1.3524564504623413
33,client_2,192,3.0401229858398438,0.2578027823537489,0.01,1.3524177074432373
33,client_3,192,3.2221741676330566,0.23476232225580923,0.01,1.3916809558868408
33,client_4,192,2.9953858852386475,0.14298450288583084,0.01,1.3623228073120117
34,client_0,192,3.068006992340088,0.14955383572315895,0.01,1.3735466003417969
34,client_1,192,3.0811946392059326,0.16920270023712328,0.01,1.3270113468170166
34,client_2,192,3.1811976432800293,0.20772801925563691,0.01,1.3511197566986084
34,client_3,192,3.18993878364563,0.24684446855508457,0.01,1.315233826637268
34,client_4,192,3.0795466899871826,0.20723786518273915,0.01,1.3588815927505493
35,client_0,192,3.2015604972839355,0.18103871528233234,0.01,1.3386971950531006
35,client_1,192,3.034797430038452,0.16084550030174768,0.01,1.3319859504699707
35,client_2,192,2.936051845550537,0.1930018460460667,0.01,1.3541876077651978
35,client_3,192,3.075587511062622,0.160238294688991,0.01,1.3497217893600464
35,client_4,192,3.061039447784424,0.22260399315407636,0.01,1.376440405845642
36,client_0,192,3.071345567703247,0.12441373022083017,0.01,1.3507347106933594
36,client_1,192,3.0157527923583984,0.1264746998842847,0.01,1.3817834854125977
36,client_2,192,2.9178900718688965,0.24184099276700352,0.01,1.3447723388671875
36,client_3,192,3.168520450592041,0.24622078044161505,0.01,1.3755544424057007
36,client_4,192,3.0002264976501465,0.2506615570613741,0.01,1.375313639640808
37,client_0,192,3.1179022789001465,0.13408581294095764,0.01,1.3591574430465698
37,client_1,192,3.094240188598633,0.16780738142982923,0.01,1.3299130201339722
37,client_2,192,3.1644363403320312,0.2604565903605678,0.01,1.3884780406951904
37,client_3,192,3.2802329063415527,0.2746739020580042,0.01,1.3294013738632202
37,client_4,192,2.7994956970214844,0.2022778329864444,0.01,1.3640624284744263
38,client_0,192,3.090803384780884,0.14987259206748127,0.01,1.3553791046142578
38,client_1,192,3.0601232051849365,0.20724230597916393,0.01,1.3199117183685303
38,client_2,192,2.9071617126464844,0.18399681077347907,0.01,1.3388952016830444
38,client_3,192,3.067061424255371,0.2402458966280462,0.01,1.3136136531829834
38,client_4,192,2.913182497024536,0.21216756548022198,0.01,1.3517483472824097
39,client_0,192,2.9217076301574707,0.1094298000326567,0.01,1.359189510345459
39,client_1,192,3.1079537868499756,0.1768241406562772,0.01,1.359060287475586
39,client_2,192,2.9624643325805664,0.20206262145522003,0.01,1.3263990879058838
39,client_3,192,3.1058220863342285,0.16358943748284138,0.01,1.3510632514953613
39,client_4,192,2.9722321033477783,0.217352926092273,0.01,1.3614180088043213
40,client_0,192,2.9882476329803467,0.14781718156999887,0.01,1.3379439115524292
40,client_1,192,2.961766242980957,0.20797862502649903,0.01,1.3279054164886475
40,client_2,192,2.985460042953491,0.2159947209232745,0.01,1.349379062652588
40,client_3,192,3.1434731483459473,0.18656229879965128,0.01,1.3406635522842407
40,client_4,192,2.9492130279541016,0.19810742681934024,0.01,1.3346219062805176
41,client_0,192,3.03729248046875,0.13761121517952446,0.01,1.3363524675369263
41,client_1,192,2.897243022918701,0.2106594413507209,0.01,1.3229223489761353
41,client_2,192,2.8253936767578125,0.23580213862994812,0.01,1.3663270473480225
41,client_3,192,3.0578160285949707,0.17790594616831407,0.01,1.3559644222259521
41,client_4,192,2.7840003967285156,0.21614344441957378,0.01,1.3193342685699463
42,client_0,192,3.001344919204712,0.12582944187797157,0.01,1.321271538734436
42,client_1,192,2.911043167114258,0.1885736832281612,0.01,1.339638352394104
42,client_2,192,3.02471923828125,0.20213473996183062,0.01,1.3351669311523438
42,client_3,192,3.118272542953491,0.2919757984027355,0.01,1.3170311450958252
42,client_4,192,2.992351770401001,0.21508325787459665,0.01,1.3511149883270264
43,client_0,192,3.0149011611938477,0.1299848059761316,0.01,1.339392900466919
43,client_1,192,2.9510738849639893,0.3009131822552749,0.01,1.3431217670440674
43,client_2,192,2.946392059326172,0.26384356534244846,0.01,1.3511910438537598
43,client_3,192,3.0360140800476074,0.16566689743237384,0.01,1.3355952501296997
43,client_4,192,2.924551486968994,0.21492680400245973,0.01,1.3754528760910034
44,client_0,192,2.904879570007324,0.11825323056024374,0.01,1.3201642036437988
44,client_1,192,2.945033073425293,0.16463155556206202,0.01,1.36456298828125
44,client_2,192,2.873995304107666,0.23639626351847126,0.01,1.3481584787368774
44,client_3,192,3.0090298652648926,0.28053750402818606,0.01,1.325193166732788
44,client_4,192,2.9049158096313477,0.20652484984664665,0.01,1.3141416311264038
45,client_0,192,2.969270944595337,0.14826956768588287,0.01,1.3352221250534058
45,client_1,192,2.9356777667999268,0.18261850019284864,0.01,1.336760401725769
45,client_2,192,2.8254568576812744,0.2347113166219907,0.01,1.3567005395889282
45,client_3,192,2.904794216156006,0.25453262657080084,0.01,1.3358118534088135
45,client_4,192,2.8850245475769043,0.2120946482327845,0.01,1.3570129871368408
46,client_0,192,2.920825242996216,0.12936523520271587,0.01,1.35439133644104
46,client_1,192,2.7892961502075195,0.1573035585258692,0.01,1.3637466430664062
46,client_2,192,2.866281270980835,0.2724602377984812,0.01,1.3726879358291626
46,client_3,192,3.113682985305786,0.1619037633553021,0.01,1.3518528938293457
46,client_4,192,2.9128308296203613,0.1904112334696039,0.01,1.3432676792144775
47,client_0,192,3.033626079559326,0.1282167738881449,0.01,1.3333760499954224
47,client_1,192,2.9736480712890625,0.14837007979438266,0.01,1.3608238697052002
47,client_2,192,2.7946043014526367,0.22943357341055437,0.01,1.362160325050354
47,client_3,192,2.9323830604553223,0.1907619905231631,0.01,1.3424181938171387
47,client_4,192,2.8193724155426025,0.22464819911787237,0.01,1.3634597063064575
48,client_0,192,2.7814576625823975,0.14327857988828485,0.01,1.316206693649292
48,client_1,192,2.816033363342285,0.16831244279965027,0.01,1.3330886363983154
48,client_2,192,2.7226948738098145,0.20550525745284354,0.01,1.3289915323257446
48,client_3,192,2.7844579219818115,0.17324521319467867,0.01,1.3607407808303833
48,client_4,192,2.87509822845459,0.22607923249612558,0.01,1.3632218837738037
49,client_0,192,2.8801472187042236,0.1478878692046175,0.01,1.3416322469711304
49,client_1,192,2.8207287788391113,0.14968294337823518,0.01,1.3463900089263916
49,client_2,192,2.7624802589416504,0.21902144427993023,0.01,1.3324296474456787
49,client_3,192,2.958214282989502,0.2855664903841563,0.01,1.326224446296692
49,client_4,192,2.7136363983154297,0.20171997002042716,0.01,1.3127813339233398
50,client_0,192,2.9194650650024414,0.1269416421120006,0.01,1.3911566734313965
50,client_1,192,2.8101162910461426,0.2767987832977871,0.01,1.318021535873413
50,client_2,192,2.768181085586548,0.19088457688061872,0.01,1.3745876550674438
50,client_3,192,2.8953499794006348,0.20911247028167732,0.01,1.3575907945632935
50,client_4,192,2.8648436069488525,0.22436162346691282,0.01,1.3656686544418335
